"","p[1]","p(corr)[1]"
"3-Aminobutyric acid",10.366,0.98913
"Carnitine",10.208,0.97401
"Ethanolamine phosphate",10.192,0.97247
"O-Succinylhomoserine",10.104,0.9641
"Pyridoxal",10.023,0.95634
"Adipic acid",10.02,0.95612
"3-Hydroxybutyric acid",9.9221,0.94676
"Suberic acid",9.7504,0.93037
"Gly-Gly",9.6627,0.92201
"SDMA",9.5504,0.91129
"N-Acetylglucosamine 6-phosphate",9.5076,0.90721
"Choline",9.5058,0.90704
"1-Methyl-4-imidazoleacetic acid",9.4362,0.90039
"2,6-Diaminopimelic acid",9.3993,0.89687
"N-Methylglutamic acid",9.3343,0.89067
"Lauric acid",9.237,0.88138
"7,8-Dihydrobiopterin",9.1728,0.87526
"Ophthalmic acid",9.0477,0.86332
"Pantothenic acid",9.0173,0.86043
"3',5'-ADP",8.9789,0.85675
"Thiaproline",8.972,0.8561
"2-Hydroxyvaleric acid",8.9662,0.85555
"2-Hydroxyisobutyric acid",8.9638,0.85532
"Adenosine",8.9178,0.85093
"2-Aminobutyric acid",8.9136,0.85052
"Pyridoxamine 5'-phosphate",8.8996,0.84919
"GMP",8.873,0.84665
"5-Oxoproline",8.4958,0.81066
"2-Deoxyglucose 6-phosphate",8.4747,0.80865
"N-Acetyl-beta-alanine",8.4693,0.80813
"Pimelic acid",8.3984,0.80137
"Cholic acid",8.3394,0.79573
"3-Hydroxy-3-methylglutaric acid",8.2893,0.79096
"Adenine",8.2099,0.78338
"Hypoxanthine",8.0413,0.76729
"CDP-choline",8.0139,0.76468
"Met",7.9504,0.75862
"N-Acetylglucosamine 1-phosphate",7.8636,0.75033
"Asp",7.8082,0.74505
"Phosphocreatine",7.7688,0.74129
"3-Aminoisobutyric acid",7.7622,0.74066
"beta-Ala",7.7054,0.73525
"gamma-Glu-2-aminobutyric acid",7.6878,0.73356
"1-Methyladenosine",7.5719,0.7225
"Propionic acid",7.5283,0.71834
"Betaine aldehyde_H2O",7.4885,0.71455
"Guanosine",7.468,0.71259
"1-Methylhistidine  3-Methylhistidine",7.4574,0.71158
"Quinolinic acid",7.4182,0.70784
"GDP",7.2868,0.69529
"AMP",7.259,0.69265
"Cytosine",6.8174,0.65051
"N-Acetylglucosamine",6.6296,0.63259
"Mucic acid",6.54,0.62404
"Cytidine",6.4717,0.61752
"Creatine",6.4456,0.61503
"Oxypurinol",6.4246,0.61303
"Thiamine phosphate",6.2222,0.59372
"Xanthine",6.2012,0.59172
"Gluconic acid",6.1777,0.58947
"Urocanic acid",5.6772,0.54171
"FAD_divalent",5.4611,0.52109
"Taurine",5.0913,0.48581
"Glu",4.4749,0.42699
"Imidazole-4-acetic acid",4.1558,0.39654
"Ribulose 1,5-diphosphate",3.8765,0.36989
"Nicotinic acid",3.8458,0.36696
"UDP-glucuronic acid",3.7824,0.36091
"ADMA",3.7726,0.35997
"Benzoic acid",3.538,0.33759
"Kynurenine",3.3027,0.31514
"Pelargonic acid",3.2282,0.30803
"Glycocholic acid",3.0152,0.28771
"Pterin",2.9225,0.27886
"5-Methyltetrahydrofolic acid",2.8815,0.27495
"Methionine sulfoxide",2.8609,0.27299
"N-Acetylmethionine",2.4817,0.23681
"Carnosine",2.4439,0.2332
"Glucaric acid",2.3033,0.21978
"Ergothioneine",1.9021,0.1815
"5'-Deoxy-5'-methylthioadenosine",1.8373,0.17531
"CMP",1.8327,0.17488
"1-Methylhistamine",1.7475,0.16674
"UMP",1.678,0.16011
"Isovaleric acid",1.6771,0.16002
"2-Hydroxy-4-methylvaleric acid",1.5855,0.15129
"Anthranilic acid",1.492,0.14236
"Histamine",1.3533,0.12913
"Isobutylamine",1.2982,0.12387
"6-Aminohexanoic acid",1.2056,0.11503
"N-Ethylmaleimide_H2O",1.1257,0.10741
"N-Acetylaspartic acid",0.92934,0.088676
"5-Aminoimidazole-4-carboxamide ribotide",0.79821,0.076164
"Saccharopine",0.78839,0.075227
"Creatinine",0.69499,0.066315
"N-Methylalanine",0.69366,0.066188
"Heptanoic acid",0.59425,0.056702
"IMP",0.47698,0.045513
"Uric acid",0.41374,0.039479
"Isobutyric acid  Butyric acid",0.18117,0.017287
"N6,N6,N6-Trimethyllysine",0.15897,0.015169
"2-Aminoadipic acid",0.093189,0.008892
"2-Hydroxybutyric acid",-0.084022,-0.0080173
"threo-beta-Methylaspartic acid",-0.1749,-0.016689
"NADP",-0.18195,-0.017361
"3-Ureidopropionic acid",-0.24978,-0.023834
"Imidazolelactic acid",-0.30897,-0.029482
"Pipecolic acid",-0.465,-0.04437
"Adenylosuccinic acid",-0.75502,-0.072043
"Ala-Ala",-0.87759,-0.083739
"NAD",-0.94736,-0.090396
"myo-Inositol 2-phosphate",-0.98833,-0.094305
"1-Methylnicotinamide",-1.0522,-0.1004
"Threonic acid",-1.107,-0.10563
"Ribulose 5-phosphate",-1.3262,-0.12655
"N1-Acetylspermidine",-1.5578,-0.14864
"Gly",-1.5842,-0.15116
"Propionyl CoA_divalent",-1.6076,-0.1534
"Inosine",-1.6687,-0.15923
"Gly-Asp",-1.9093,-0.18218
"Phe",-1.9338,-0.18452
"Glutathione GSSG_divalent",-1.9455,-0.18563
"Cysteinesulfinic acid",-1.9859,-0.1895
"S-Adenosylmethionine",-2.3003,-0.21949
"1-Pyrroline 5-carboxylic acid",-2.3219,-0.22155
"Phenaceturic acid",-2.4559,-0.23434
"S-Nitrosoglutathione",-2.4823,-0.23686
"Leu",-2.4891,-0.2375
"Glucuronic acid",-2.5411,-0.24247
"Isonicotinamide  Nicotinamide",-2.5778,-0.24597
"Glutaric acid",-2.6513,-0.25298
"UDP-N-acetylglucosamine",-2.8568,-0.27259
"NADPH_divalent",-2.9588,-0.28232
"3-Indoxylsulfuric acid",-3.091,-0.29494
"Isopropanolamine",-3.1003,-0.29583
"Glyceric acid",-3.1336,-0.299
"Tyramine",-3.2225,-0.30749
"N-Acetylglutamic acid",-3.2881,-0.31375
"Thr",-3.3265,-0.31742
"2,3-Diaminopropionic acid",-3.3991,-0.32433
"dTTP",-3.4101,-0.32539
"N-Carbamoylaspartic acid",-3.4101,-0.32539
"5-Oxohexanoic acid",-3.4714,-0.33124
"4-Amino-3-hydroxybutyric acid",-3.5579,-0.33949
"Ile",-3.5868,-0.34225
"N-Methylproline",-3.766,-0.35935
"Citrulline",-3.8055,-0.36312
"Cysteine glutathione disulphide",-3.8918,-0.37135
"Tyr",-4.0563,-0.38705
"CDP",-4.0689,-0.38825
"Hexanoic acid",-4.4228,-0.42202
"Diethanolamine",-4.4379,-0.42346
"CMP-N-acetylneuraminate",-4.4466,-0.42429
"Carboxymethyllysine",-4.4633,-0.42589
"N-Acetylneuraminic acid",-4.5486,-0.43402
"N8-Acetylspermidine",-4.626,-0.4414
"Triethanolamine",-4.6686,-0.44548
"N6-Acetyllysine",-4.764,-0.45457
"Rhein",-4.8914,-0.46673
"UDP-glucose  UDP-galactose",-4.9564,-0.47293
"His",-4.9781,-0.47501
"ADP",-5.0085,-0.47791
"5-Methoxyindoleacetic acid",-5.0458,-0.48146
"ADP-glucose  GDP-fucose",-5.0472,-0.4816
"trans-Glutaconic acid  Itaconic acid",-5.0596,-0.48278
"Cyclohexylamine",-5.11,-0.48759
"Taurocholic acid",-5.1602,-0.49238
"Ribose 5-phosphate",-5.1853,-0.49478
"Lys",-5.1884,-0.49507
"Pro",-5.1986,-0.49605
"1H-Imidazole-4-propionic acid",-5.2046,-0.49661
"NADH",-5.2517,-0.50111
"GTP",-5.2913,-0.50489
"Octanoyl CoA_divalent",-5.2959,-0.50533
"1-Methyl-2-pyrrolidone",-5.3191,-0.50754
"omega-N-Methylarginine",-5.3262,-0.50822
"Uracil",-5.338,-0.50934
"5-Oxo-2-tetrahydrofurancarboxylic acid",-5.569,-0.53139
"Hydroxyproline",-5.5747,-0.53193
"Guanidoacetic acid",-5.6026,-0.5346
"Glycerol 3-phosphate",-5.6027,-0.5346
"Serotonin",-5.658,-0.53988
"Val",-5.7239,-0.54617
"Xanthosine",-5.7826,-0.55177
"Arg-Glu",-5.7989,-0.55333
"Hypotaurine",-5.8299,-0.55628
"3'-Dephospho CoA",-5.8299,-0.55628
"Asn",-5.9197,-0.56485
"Cystathionine",-5.9265,-0.5655
"Thiamine",-5.9819,-0.57078
"Citric acid",-6.0167,-0.57411
"S-Adenosylhomocysteine",-6.0561,-0.57786
"Isethionic acid",-6.1032,-0.58236
"Ser",-6.1696,-0.5887
"6-Hydroxyhexanoic acid",-6.2571,-0.59705
"Ascorbic acid",-6.338,-0.60476
"2-Methylserine",-6.3739,-0.60819
"Cysteic acid",-6.4096,-0.61159
"5,6,7,8-Tetrahydrobiopterin",-6.4136,-0.61198
"2,3-Diphosphoglyceric acid",-6.4137,-0.61199
"Uridine",-6.4279,-0.61335
"Fumaric acid",-6.4629,-0.61668
"Pyridine-2-carboxylic acid butyl ester",-6.505,-0.6207
"UTP",-6.5242,-0.62253
"cis-Aconitic acid",-6.5365,-0.62371
"ATP",-6.5656,-0.62648
"p-Nitrophenyl phosphate",-6.5771,-0.62758
"Tyr-Glu",-6.6335,-0.63297
"4-Guanidinobutyric acid",-6.6904,-0.63839
"Ser-Glu",-6.7261,-0.64179
"Urea",-6.742,-0.64331
"Putrescine",-6.745,-0.6436
"Sarcosine",-6.7568,-0.64473
"Ectoine",-6.7737,-0.64634
"Homoserine",-6.7794,-0.64688
"CoA_divalent",-6.9663,-0.66472
"Betaine",-7.0546,-0.67314
"Thr-Asp",-7.0783,-0.67541
"Ornithine",-7.1409,-0.68137
"Gln",-7.1697,-0.68412
"Isocitric acid",-7.1862,-0.6857
"Trehalose 6-phosphate",-7.2304,-0.68992
"N,N-Dimethylglycine",-7.3205,-0.69852
"Sedoheptulose 7-phosphate",-7.323,-0.69875
"Acetyl CoA_divalent",-7.3502,-0.70135
"Malic acid",-7.4038,-0.70647
"Hexylamine",-7.4265,-0.70863
"UDP",-7.4774,-0.71348
"N5-Ethylglutamine",-7.5194,-0.71749
"Fructose 1,6-diphosphate",-7.5432,-0.71977
"Gly-Leu",-7.6211,-0.7272
"Glyceraldehyde 3-phosphate",-7.7397,-0.73852
"N-Acetylornithine",-7.7431,-0.73884
"Glycolic acid",-7.8505,-0.74908
"ADP-ribose",-7.9267,-0.75636
"N-Acetylhistidine",-7.9678,-0.76028
"N-Acetylleucine",-7.9987,-0.76323
"gamma-Glu-Cys",-8.0408,-0.76725
"GABA",-8.0569,-0.76879
"gamma-Butyrobetaine",-8.124,-0.77518
"Cys",-8.3528,-0.79701
"Ganciclovir",-8.364,-0.79808
"2,4-Diaminobutyric acid",-8.3641,-0.79809
"Ala",-8.4127,-0.80273
"Glucosamine",-8.5149,-0.81249
"S-Methylmethionine",-8.5679,-0.81754
"Isobutyryl CoA_divalent",-8.5683,-0.81758
"Phosphorylcholine",-8.5714,-0.81787
"Trigonelline",-8.659,-0.82623
"Trimethylamine N-oxide",-8.6704,-0.82732
"Arg",-8.7604,-0.83591
"Homovanillic acid",-8.8289,-0.84244
"Acetoacetamide",-8.8577,-0.84519
"Argininosuccinic acid",-8.8843,-0.84773
"Dyphylline",-8.8885,-0.84813
"Dihydroxyacetone phosphate",-8.9703,-0.85593
"O-Acetylcarnitine",-8.9968,-0.85847
"Xanthopterin",-9.0175,-0.86044
"5-Aminovaleric acid",-9.0952,-0.86785
"2-Phosphoglyceric acid",-9.1488,-0.87297
"Pyruvic acid",-9.1748,-0.87545
"Theobromine",-9.2274,-0.88047
"Guanidinosuccinic acid",-9.277,-0.8852
"Succinic acid",-9.3176,-0.88908
"Glutathione GSH",-9.3235,-0.88964
"Lactic acid",-9.3534,-0.89249
"Trp",-9.4711,-0.90372
"3-Phosphoglyceric acid",-9.5231,-0.90868
"Phosphoenolpyruvic acid",-9.5766,-0.91379
"Sorbitol 6-phosphate",-9.6763,-0.9233
"6-Phosphogluconic acid",-9.7386,-0.92924
"Glycerophosphocholine",-9.7527,-0.93059
"N-Acetylphenylalanine",-9.8326,-0.93821
"Spermidine",-9.8744,-0.94221
"Stachydrine",-9.8824,-0.94297
"Glucose 1-phosphate",-9.9843,-0.95269
"Spermine",-10.002,-0.95438
"GDP-mannose  GDP-galactose",-10.157,-0.96915
"Fructose 6-phosphate",-10.21,-0.97423
"S-Lactoylglutathione",-10.26,-0.97903
"Glucose 6-phosphate",-10.32,-0.98473
"Betonicine",-10.34,-0.98665
