"","Loading (t1)","OrthoLoading (to1)"
"gamma-Glu-Cys",-0.07321,-0.08234
"gamma-Glu-2-aminobutyric acid",0.069996,-0.080561
"gamma-Butyrobetaine",-0.073967,-0.086364
"beta-Ala",0.070156,-0.085562
"Xanthosine",-0.05265,-0.043859
"Xanthopterin",-0.082103,-0.040892
"Xanthine",0.056461,0.018844
"Val",-0.052115,-0.018053
"UTP",-0.059401,0.091608
"Urocanic acid",0.05169,-0.054431
"Uridine",-0.058525,-0.092708
"Uric acid",0.003767,0.0047717
"Urea",-0.061384,-0.095711
"Uracil",-0.048601,-0.10178
"UMP",0.015278,0.047038
"UDP-N-acetylglucosamine",-0.02601,0.020091
"UDP-glucuronic acid",0.034438,0.10385
"UDP-glucose  UDP-galactose",-0.045127,0.1301
"UDP",-0.06808,0.04961
"Tyr-Glu",-0.060397,-0.058983
"Tyramine",-0.02934,0.084572
"Tyr",-0.036932,-0.10025
"Trp",-0.086232,0.018646
"Trimethylamine N-oxide",-0.078942,-0.019721
"Trigonelline",-0.078838,-0.072943
"Triethanolamine",-0.042507,0.047215
"Trehalose 6-phosphate",-0.065832,-0.075343
"trans-Glutaconic acid  Itaconic acid",-0.046066,-0.075456
"threo-beta-Methylaspartic acid",-0.0015924,0.0075029
"Threonic acid",-0.010079,0.040204
"Thr-Asp",-0.064447,-0.049904
"Thr",-0.030287,-0.049005
"Thiaproline",0.081688,0.040012
"Thiamine phosphate",0.056652,-0.013052
"Thiamine",-0.054464,-0.11192
"Theobromine",-0.084014,-0.050247
"Taurocholic acid",-0.046983,0.079287
"Taurine",0.046356,-0.018231
"Succinic acid",-0.084835,-0.025893
"Suberic acid",0.088775,0.0023866
"Stachydrine",-0.089977,-0.032021
"Spermine",-0.091066,0.012801
"Spermidine",-0.089905,-0.01128
"Sorbitol 6-phosphate",-0.088101,0.012271
"S-Nitrosoglutathione",-0.022601,0.069963
"S-Methylmethionine",-0.078009,-0.053317
"S-Lactoylglutathione",-0.093418,-0.01753
"Serotonin",-0.051515,0.069788
"Ser-Glu",-0.061239,-0.031766
"Ser",-0.056173,-0.010122
"Sedoheptulose 7-phosphate",-0.066674,-0.0089663
"SDMA",0.086954,-0.017506
"Sarcosine",-0.061519,-0.07645
"S-Adenosylmethionine",-0.020943,0.099617
"S-Adenosylhomocysteine",-0.055139,-0.077353
"Saccharopine",0.0071781,-0.10338
"Ribulose 5-phosphate",-0.012075,0.06705
"Ribulose 1,5-diphosphate",0.035294,0.10436
"Ribose 5-phosphate",-0.047211,-0.037836
"Rhein",-0.044535,0.13477
"Quinolinic acid",0.067541,0.020514
"Pyruvic acid",-0.083534,-0.071267
"Pyridoxamine 5'-phosphate",0.081029,0.023252
"Pyridoxal",0.091253,0.025863
"Pyridine-2-carboxylic acid butyl ester",-0.059227,-0.011085
"Putrescine",-0.061412,-0.025084
"Pterin",0.026609,0.030885
"Propionyl CoA_divalent",-0.014637,-0.087773
"Propionic acid",0.068544,-0.033768
"Pro",-0.047332,-0.088246
"p-Nitrophenyl phosphate",-0.059883,-0.013597
"Pipecolic acid",-0.0042337,-0.11911
"Pimelic acid",0.076466,0.027414
"Phosphorylcholine",-0.07804,-0.055024
"Phosphoenolpyruvic acid",-0.087193,-0.0043889
"Phosphocreatine",0.070733,0.015808
"Phenaceturic acid",-0.022361,-0.11521
"Phe",-0.017607,-0.025043
"Pelargonic acid",0.029392,0.029188
"Pantothenic acid",0.082101,0.0087042
"Oxypurinol",0.058495,0.017801
"O-Succinylhomoserine",0.091993,0.00038997
"Ornithine",-0.065016,-0.094104
"Ophthalmic acid",0.082377,-0.034705
"Octanoyl CoA_divalent",-0.048218,0.088464
"O-Acetylcarnitine",-0.081914,0.074234
"omega-N-Methylarginine",-0.048494,-0.12154
"N-Methylproline",-0.034289,-0.12489
"N-Methylglutamic acid",0.084986,0.021489
"N-Methylalanine",0.0063156,-0.06821
"Nicotinic acid",0.035015,0.13505
"N-Ethylmaleimide_H2O",0.010249,-0.039514
"N-Carbamoylaspartic acid",-0.031048,-0.027321
"NADPH_divalent",-0.026939,0.033085
"NADP",-0.0016566,0.13277
"NADH",-0.047816,0.074706
"NAD",-0.0086255,0.13698
"N-Acetyl-beta-alanine",0.077111,-0.075017
"N-Acetylphenylalanine",-0.089524,0.025634
"N-Acetylornithine",-0.0705,-0.052879
"N-Acetylneuraminic acid",-0.041414,-0.090938
"N-Acetylmethionine",0.022596,-0.093481
"N-Acetylleucine",-0.072827,-0.017846
"N-Acetylhistidine",-0.072545,-0.030964
"N-Acetylglutamic acid",-0.029938,-0.11861
"N-Acetylglucosamine 6-phosphate",0.086565,0.021138
"N-Acetylglucosamine 1-phosphate",0.071596,-0.012217
"N-Acetylglucosamine",0.060361,-0.017161
"N-Acetylaspartic acid",0.0084614,0.011782
"N8-Acetylspermidine",-0.042118,-0.12336
"N6-Acetyllysine",-0.043375,-0.099199
"N6,N6,N6-Trimethyllysine",0.0014474,0.088539
"N5-Ethylglutamine",-0.068462,-0.11358
"N1-Acetylspermidine",-0.014183,-0.079811
"N,N-Dimethylglycine",-0.066652,-0.044643
"myo-Inositol 2-phosphate",-0.0089985,0.069285
"Mucic acid",0.059545,0.021085
"Methionine sulfoxide",0.026048,-0.041692
"Met",0.072387,-0.061782
"Malic acid",-0.06741,-0.083006
"Lys",-0.047239,-0.058045
"Leu",-0.022662,-0.021948
"Lauric acid",0.0841,0.038356
"Lactic acid",-0.085161,-0.060155
"Kynurenine",0.03007,-0.03607
"Isovaleric acid",0.015269,-0.066419
"Isopropanolamine",-0.028228,-0.044453
"Isonicotinamide  Nicotinamide",-0.02347,-0.0080284
"Isocitric acid",-0.065428,-0.08122
"Isobutyryl CoA_divalent",-0.078013,0.045551
"Isobutyric acid  Butyric acid",0.0016495,-0.017235
"Isobutylamine",0.01182,0.044407
"Isethionic acid",-0.055569,-0.006779
"Inosine",-0.015193,0.057971
"IMP",0.0043428,0.05386
"Imidazolelactic acid",-0.0028131,0.078764
"Imidazole-4-acetic acid",0.037837,0.039977
"Ile",-0.032657,0.0085039
"Hypoxanthine",0.073214,0.028028
"Hypotaurine",-0.05308,-0.058689
"Hydroxyproline",-0.050756,-0.10282
"Homovanillic acid",-0.080385,-0.06634
"Homoserine",-0.061725,-0.082745
"Histamine",0.012322,0.018164
"His",-0.045325,0.015602
"Hexylamine",-0.067617,-0.024206
"Hexanoic acid",-0.040268,0.0054376
"Heptanoic acid",0.0054105,0.043412
"Guanosine",0.067994,0.091422
"Guanidoacetic acid",-0.051011,-0.055629
"Guanidinosuccinic acid",-0.084465,-0.056128
"GTP",-0.048176,0.096089
"GMP",0.080787,0.038939
"Gly-Leu",-0.069389,-0.069063
"Gly-Gly",0.087977,0.0056291
"Glycolic acid",-0.071477,-0.020949
"Glycocholic acid",0.027453,0.062898
"Glycerophosphocholine",-0.088796,0.055519
"Glycerol 3-phosphate",-0.051011,0.015732
"Glyceric acid",-0.028531,0.016656
"Glyceraldehyde 3-phosphate",-0.070468,0.061284
"Gly-Asp",-0.017383,0.086031
"Gly",-0.014424,-0.076238
"Glutathione GSSG_divalent",-0.017713,0.084375
"Glutathione GSH",-0.084889,-0.056471
"Glutaric acid",-0.024139,-0.10943
"Glucuronic acid",-0.023136,0.083041
"Glucose 6-phosphate",-0.093962,-0.0085547
"Glucose 1-phosphate",-0.090905,-0.035133
"Glucosamine",-0.077527,-0.03759
"Gluconic acid",0.056246,-0.016005
"Glucaric acid",0.020971,0.096945
"Glu",0.040743,-0.065329
"Gln",-0.065278,0.061829
"GDP-mannose  GDP-galactose",-0.092475,-0.0019807
"GDP",0.066344,0.054567
"Ganciclovir",-0.076152,-0.08755
"GABA",-0.073357,-0.10257
"Fumaric acid",-0.058843,-0.090945
"Fructose 6-phosphate",-0.09296,-0.00078713
"Fructose 1,6-diphosphate",-0.068679,0.098178
"FAD_divalent",0.049722,0.054989
"Ethanolamine phosphate",0.092792,0.025214
"Ergothioneine",0.017319,0.028363
"Ectoine",-0.061673,-0.079325
"Dyphylline",-0.080928,-0.01725
"dTTP",-0.031048,-0.027321
"Dihydroxyacetone phosphate",-0.081672,0.040158
"Diethanolamine",-0.040406,0.045751
"Cytosine",0.062071,-0.029832
"Cytidine",0.058923,0.083364
"Cysteinesulfinic acid",-0.018081,-0.04662
"Cysteine glutathione disulphide",-0.035434,0.018191
"Cysteic acid",-0.058358,-0.12034
"Cystathionine",-0.05396,-0.078721
"Cys",-0.07605,-0.089338
"Cyclohexylamine",-0.046525,-0.025892
"Creatinine",0.0063277,-0.025124
"Creatine",0.058685,-0.026213
"CoA_divalent",-0.063427,-0.025618
"CMP-N-acetylneuraminate",-0.040485,0.071823
"CMP",0.016687,0.098583
"Citrulline",-0.034649,-0.079142
"Citric acid",-0.054781,-0.073161
"cis-Aconitic acid",-0.059514,-0.10606
"Choline",0.086548,0.039266
"Cholic acid",0.075928,-0.021056
"CDP-choline",0.072965,-0.03848
"CDP",-0.037047,0.10867
"Carnosine",0.022251,-0.095575
"Carnitine",0.092939,-0.018694
"Carboxymethyllysine",-0.040638,0.046065
"Betonicine",-0.094145,-0.01133
"Betaine aldehyde_H2O",0.068181,0.055349
"Betaine",-0.064231,0.075653
"Benzoic acid",0.032213,0.029324
"ATP",-0.059778,0.10129
"Asp",0.071092,-0.022655
"Asn",-0.053898,-0.00066299
"Ascorbic acid",-0.057706,-0.064976
"Argininosuccinic acid",-0.080889,-0.032451
"Arg-Glu",-0.052798,-0.10338
"Arg",-0.079762,-0.071095
"Anthranilic acid",0.013584,-0.032655
"AMP",0.066092,0.013718
"Ala-Ala",-0.0079903,-0.10753
"Ala",-0.076596,-0.080925
"ADP-ribose",-0.072171,-0.023876
"ADP-glucose  GDP-fucose",-0.045954,-0.0034317
"ADP",-0.045602,0.10481
"ADMA",0.034348,-0.10632
"Adipic acid",0.091232,0.0012896
"Adenylosuccinic acid",-0.0068743,-0.010493
"Adenosine",0.081195,0.059582
"Adenine",0.074749,0.069752
"Acetyl CoA_divalent",-0.066922,0.10659
"Acetoacetamide",-0.080647,-0.053887
"7,8-Dihydrobiopterin",0.083516,0.024961
"6-Phosphogluconic acid",-0.088668,0.012786
"6-Hydroxyhexanoic acid",-0.056969,-0.04425
"6-Aminohexanoic acid",0.010976,-0.036505
"5-Oxoproline",0.077353,-0.03574
"5-Oxohexanoic acid",-0.031606,-0.0016599
"5-Oxo-2-tetrahydrofurancarboxylic acid",-0.050705,-0.10888
"5-Methyltetrahydrofolic acid",0.026236,-0.11416
"5-Methoxyindoleacetic acid",-0.045941,-0.10532
"5'-Deoxy-5'-methylthioadenosine",0.016728,0.10977
"5-Aminovaleric acid",-0.08281,-0.080933
"5-Aminoimidazole-4-carboxamide ribotide",0.0072675,-0.00096248
"5,6,7,8-Tetrahydrobiopterin",-0.058394,-0.082786
"4-Guanidinobutyric acid",-0.060914,-0.073368
"4-Amino-3-hydroxybutyric acid",-0.032394,-0.099454
"3-Ureidopropionic acid",-0.0022742,0.036175
"3-Phosphoglyceric acid",-0.086705,0.022027
"3-Indoxylsulfuric acid",-0.028143,-0.040622
"3-Hydroxybutyric acid",0.090339,0.010475
"3-Hydroxy-3-methylglutaric acid",0.075472,0.0040675
"3'-Dephospho CoA",-0.05308,-0.074507
"3-Aminoisobutyric acid",0.070673,-0.088774
"3-Aminobutyric acid",0.094382,0.0021762
"3',5'-ADP",0.081751,0.019791
"2-Phosphoglyceric acid",-0.083298,0.01069
"2-Methylserine",-0.058033,-0.1075
"2-Hydroxyvaleric acid",0.081636,-0.0274
"2-Hydroxyisobutyric acid",0.081614,-0.0030958
"2-Hydroxybutyric acid",-0.00076501,-0.14596
"2-Hydroxy-4-methylvaleric acid",0.014436,-0.059974
"2-Deoxyglucose 6-phosphate",0.077161,0.0096822
"2-Aminobutyric acid",0.081156,-0.070211
"2-Aminoadipic acid",0.00084846,-0.13116
"2,6-Diaminopimelic acid",0.085579,-0.0086448
"2,4-Diaminobutyric acid",-0.076153,-0.0551
"2,3-Diphosphoglyceric acid",-0.058396,0.067389
"2,3-Diaminopropionic acid",-0.030948,-0.046244
"1-Pyrroline 5-carboxylic acid",-0.02114,-0.11492
"1-Methylnicotinamide",-0.0095796,0.01925
"1-Methylhistidine  3-Methylhistidine",0.067898,-0.084477
"1-Methylhistamine",0.01591,0.020857
"1-Methyladenosine",0.068941,0.049575
"1-Methyl-4-imidazoleacetic acid",0.085914,0.0010507
"1-Methyl-2-pyrrolidone",-0.048429,0.011129
"1H-Imidazole-4-propionic acid",-0.047386,-0.11151
